,Date,Direction,Entry,Exit,TimeEnter,TimeExit,Gain%,Gain$
0,2022-09-30,Long,364.67,363.17,11:38:00,12:39:00,-0.41,-1.5
1,2022-09-30,Long,362.38,361.3,13:03:00,14:18:00,-0.3,-1.08
2,2022-10-03,Long,360.2711,360.9199,09:41:00,09:55:00,0.18,0.65
3,2022-10-03,Long,363.94,364.69,10:41:00,10:57:00,0.21,0.75
4,2022-10-03,Long,364.325,365.08,11:01:00,11:16:00,0.21,0.75
5,2022-10-03,Long,364.31,364.64,11:37:00,12:15:00,0.09,0.33
6,2022-10-03,Long,364.4399,364.6514,12:23:00,13:11:00,0.06,0.21
7,2022-10-04,Long,376.389,376.54,10:26:00,10:44:00,0.04,0.15
8,2022-10-04,Long,376.9301,375.19,12:42:00,13:36:00,-0.46,-1.74
9,2022-10-04,Long,376.45,377.61,15:15:00,15:55:00,0.31,1.16
10,2022-10-05,Long,372.29,372.04,10:13:00,10:47:00,-0.07,-0.25
11,2022-10-05,Long,376.3599,376.5799,13:37:00,13:51:00,0.06,0.22
12,2022-10-06,Long,374.6999,374.67,10:14:00,10:44:00,-0.01,-0.03
13,2022-10-06,Long,374.555,375.03,12:09:00,12:31:00,0.13,0.47
14,2022-10-06,Long,375.24,375.1901,13:03:00,13:53:00,-0.01,-0.05
15,2022-10-06,Long,374.545,374.172,14:06:00,15:27:00,-0.1,-0.37
16,2022-10-07,Long,368.53,366.44,09:33:00,10:24:00,-0.57,-2.09
17,2022-10-07,Long,366.19,364.1101,10:39:00,13:19:00,-0.57,-2.08
18,2022-10-07,Long,363.59,363.34,14:01:00,15:05:00,-0.07,-0.25
19,2022-10-07,Long,361.18,362.27,15:35:00,15:45:00,0.3,1.09
20,2022-10-10,Long,362.89,361.7861,09:36:00,10:24:00,-0.3,-1.1
21,2022-10-10,Long,360.501,360.94,10:46:00,11:24:00,0.12,0.44
22,2022-10-10,Long,360.1,360.9473,11:38:00,11:58:00,0.24,0.85
23,2022-10-10,Long,360.89,359.4459,12:04:00,13:34:00,-0.4,-1.44
24,2022-10-10,Long,360.45,361.2601,14:18:00,14:42:00,0.22,0.81
25,2022-10-11,Long,358.3461,357.25,09:30:00,10:18:00,-0.31,-1.1
26,2022-10-11,Long,356.85,358.01,10:31:00,10:43:00,0.33,1.16
27,2022-10-11,Long,359.825,361.26,12:07:00,12:29:00,0.4,1.44
28,2022-10-11,Long,362.2299,361.87,13:00:00,13:47:00,-0.1,-0.36
29,2022-10-11,Long,360.83,361.28,14:20:00,14:35:00,0.12,0.45
30,2022-10-12,Long,357.97,358.6999,09:34:00,09:46:00,0.2,0.73
31,2022-10-12,Long,357.87,358.38,10:16:00,11:04:00,0.14,0.51
32,2022-10-12,Long,358.7121,358.4,12:21:00,13:02:00,-0.09,-0.31
33,2022-10-12,Long,358.06,358.9101,13:20:00,14:36:00,0.24,0.85
34,2022-10-13,Long,352.48,356.0298,10:29:00,11:10:00,1.01,3.55
35,2022-10-13,Long,361.8954,362.58,12:22:00,12:45:00,0.19,0.68
36,2022-10-13,Long,364.5,365.07,14:29:00,14:42:00,0.16,0.57
37,2022-10-13,Long,366.58,366.47,15:30:00,15:48:00,-0.03,-0.11
38,2022-10-14,Long,368.34,362.685,09:35:00,11:05:00,-1.54,-5.65
39,2022-10-14,Long,361.75,359.7185,11:20:00,12:31:00,-0.56,-2.03
40,2022-10-14,Long,359.71,359.55,12:59:00,13:41:00,-0.04,-0.16
41,2022-10-14,Long,358.73,358.81,14:13:00,15:02:00,0.02,0.08
42,2022-10-14,Long,357.84,358.69,15:18:00,15:33:00,0.24,0.85
43,2022-10-17,Long,366.915,366.44,10:31:00,11:38:00,-0.13,-0.48
44,2022-10-17,Long,366.56,366.95,12:23:00,12:36:00,0.11,0.39
45,2022-10-17,Long,366.31,366.71,12:45:00,13:17:00,0.11,0.4
46,2022-10-17,Long,366.77,367.13,14:16:00,14:41:00,0.1,0.36
47,2022-10-17,Long,367.01,367.11,15:00:00,15:35:00,0.03,0.1
48,2022-10-18,Long,371.4723,369.22,10:39:00,11:59:00,-0.61,-2.25
49,2022-10-18,Long,369.76,370.51,12:26:00,12:45:00,0.2,0.75
50,2022-10-18,Long,369.87,370.66,13:04:00,13:19:00,0.21,0.79
51,2022-10-18,Long,371.69,370.17,14:09:00,15:36:00,-0.41,-1.52
52,2022-10-19,Long,369.11,370.16,09:50:00,10:17:00,0.28,1.05
53,2022-10-19,Long,370.57,370.1822,10:44:00,11:13:00,-0.1,-0.39
54,2022-10-19,Long,369.56,370.13,11:30:00,11:52:00,0.15,0.57
55,2022-10-19,Long,368.7,366.3,12:13:00,13:23:00,-0.65,-2.4
56,2022-10-19,Long,366.4512,367.3112,13:40:00,14:05:00,0.23,0.86
57,2022-10-19,Long,367.4193,368.177,14:46:00,15:23:00,0.21,0.76
58,2022-10-20,Long,368.4,369.52,09:32:00,09:58:00,0.3,1.12
59,2022-10-20,Long,371.24,372.045,10:36:00,11:00:00,0.22,0.81
60,2022-10-20,Long,370.91,371.1199,11:21:00,11:44:00,0.06,0.21
61,2022-10-20,Long,368.97,366.97,12:14:00,13:23:00,-0.54,-2.0
62,2022-10-20,Long,365.91,365.61,13:52:00,14:59:00,-0.08,-0.3
63,2022-10-20,Long,365.29,366.21,15:28:00,15:54:00,0.25,0.92
64,2022-10-21,Long,369.14,368.02,10:21:00,10:51:00,-0.3,-1.12
65,2022-10-21,Long,366.289,367.1953,11:01:00,11:16:00,0.25,0.91
66,2022-10-21,Long,369.63,371.41,12:18:00,12:47:00,0.48,1.78
67,2022-10-21,Long,371.08,372.26,13:15:00,13:55:00,0.32,1.18
68,2022-10-21,Long,372.3801,372.67,14:26:00,14:34:00,0.08,0.29
69,2022-10-24,Long,375.41,375.84,10:13:00,10:36:00,0.11,0.43
70,2022-10-24,Long,377.8195,377.915,12:42:00,12:57:00,0.03,0.1
71,2022-10-24,Long,377.55,377.8217,13:01:00,14:07:00,0.07,0.27
72,2022-10-25,Long,382.1101,382.3176,10:39:00,10:58:00,0.05,0.21
73,2022-10-25,Long,383.43,383.975,12:05:00,12:22:00,0.14,0.55
74,2022-10-25,Long,383.599,383.33,12:38:00,13:32:00,-0.07,-0.27
75,2022-10-25,Long,382.805,383.17,13:48:00,14:02:00,0.1,0.37
76,2022-10-25,Long,383.795,384.13,14:49:00,15:16:00,0.09,0.33
77,2022-10-26,Long,386.76,384.22,11:57:00,14:11:00,-0.66,-2.54
78,2022-10-26,Long,382.72,382.41,14:34:00,15:20:00,-0.08,-0.31
79,2022-10-27,Long,381.1528,384.05,10:01:00,10:22:00,0.76,2.9
80,2022-10-27,Long,383.2073,382.07,10:49:00,12:08:00,-0.3,-1.14
81,2022-10-27,Long,381.1999,381.27,12:22:00,12:52:00,0.02,0.07
82,2022-10-27,Long,381.48,380.75,13:39:00,14:26:00,-0.19,-0.73
83,2022-10-28,Long,385.93,386.935,12:00:00,12:39:00,0.26,1.0
84,2022-10-28,Long,386.8341,387.2282,12:47:00,12:56:00,0.1,0.39
85,2022-10-28,Long,387.515,387.85,14:06:00,14:19:00,0.09,0.34
86,2022-10-31,Long,386.83,386.23,09:30:00,10:21:00,-0.16,-0.6
87,2022-10-31,Long,385.6999,386.37,10:36:00,10:47:00,0.17,0.67
88,2022-10-31,Long,387.08,387.13,11:58:00,12:23:00,0.01,0.05
89,2022-10-31,Long,386.28,387.12,12:38:00,13:22:00,0.22,0.84
90,2022-10-31,Long,386.74,387.27,13:53:00,14:04:00,0.14,0.53
91,2022-10-31,Long,386.01,386.41,15:11:00,15:24:00,0.1,0.4
92,2022-11-01,Long,389.81,384.5,09:31:00,11:13:00,-1.36,-5.31
93,2022-11-01,Long,383.7626,384.7,11:45:00,12:02:00,0.24,0.94
94,2022-11-01,Long,384.7,384.42,12:21:00,12:51:00,-0.07,-0.28
95,2022-11-01,Long,384.7,385.34,13:32:00,15:10:00,0.17,0.64
96,2022-11-02,Long,382.95,382.2624,09:44:00,13:03:00,-0.18,-0.69
97,2022-11-02,Long,382.07,383.63,13:13:00,13:54:00,0.41,1.56
98,2022-11-02,Long,380.1,382.01,14:53:00,15:10:00,0.5,1.91
99,2022-11-03,Long,369.94,371.38,10:02:00,10:16:00,0.39,1.44
100,2022-11-03,Long,372.03,372.22,11:17:00,11:48:00,0.05,0.19
101,2022-11-03,Long,371.88,372.36,12:00:00,12:07:00,0.13,0.48
102,2022-11-03,Long,372.38,373.8201,12:35:00,12:58:00,0.39,1.44
103,2022-11-03,Long,373.42,373.195,13:07:00,14:34:00,-0.06,-0.23
104,2022-11-03,Long,373.1701,373.38,14:46:00,15:00:00,0.06,0.21
105,2022-11-04,Long,373.185,375.03,09:52:00,10:01:00,0.49,1.84
106,2022-11-04,Long,376.8,372.2,10:58:00,12:21:00,-1.22,-4.6
107,2022-11-04,Long,371.53,371.49,12:41:00,14:21:00,-0.01,-0.04
108,2022-11-04,Long,374.26,375.1,15:24:00,15:35:00,0.22,0.84
109,2022-11-07,Long,376.56,378.25,09:38:00,10:16:00,0.45,1.69
110,2022-11-07,Long,376.75,377.49,10:31:00,10:55:00,0.2,0.74
111,2022-11-07,Long,376.64,376.545,11:53:00,12:16:00,-0.03,-0.09
112,2022-11-07,Long,377.565,377.81,13:26:00,13:58:00,0.06,0.25
113,2022-11-07,Long,379.475,380.055,14:59:00,15:15:00,0.15,0.58
114,2022-11-08,Long,380.13,380.73,09:42:00,09:57:00,0.16,0.6
115,2022-11-08,Long,384.345,384.57,11:51:00,12:45:00,0.06,0.22
116,2022-11-08,Long,381.9816,382.13,13:34:00,13:46:00,0.04,0.15
117,2022-11-08,Long,381.08,380.81,13:59:00,14:52:00,-0.07,-0.27
118,2022-11-09,Long,379.32,380.22,09:34:00,10:08:00,0.24,0.9
119,2022-11-09,Long,379.769,378.99,10:29:00,11:12:00,-0.21,-0.78
120,2022-11-09,Long,378.74,376.52,12:08:00,14:11:00,-0.59,-2.22
121,2022-11-09,Long,375.42,375.64,14:35:00,15:07:00,0.06,0.22
122,2022-11-10,Long,388.745,390.27,10:39:00,11:00:00,0.39,1.52
123,2022-11-10,Long,389.8226,390.07,12:41:00,13:11:00,0.06,0.25
124,2022-11-10,Long,391.36,392.89,14:23:00,15:20:00,0.39,1.53
125,2022-11-11,Long,395.0518,395.16,09:32:00,09:55:00,0.03,0.11
126,2022-11-11,Long,396.3601,396.86,10:37:00,10:52:00,0.13,0.5
127,2022-11-11,Long,395.69,396.1094,11:18:00,12:17:00,0.11,0.42
128,2022-11-11,Long,398.11,398.58,15:07:00,15:32:00,0.12,0.47
129,2022-11-14,Long,397.34,397.56,09:30:00,10:04:00,0.06,0.22
130,2022-11-14,Long,398.0,398.3817,10:31:00,10:42:00,0.1,0.38
131,2022-11-14,Long,396.7987,397.79,11:23:00,11:40:00,0.25,0.99
132,2022-11-14,Long,398.63,399.14,13:00:00,13:16:00,0.13,0.51
133,2022-11-14,Long,399.74,399.11,14:07:00,15:08:00,-0.16,-0.63
134,2022-11-15,Long,400.6416,401.8,09:49:00,10:04:00,0.29,1.16
135,2022-11-15,Long,401.09,401.11,10:14:00,10:36:00,0.0,0.02
136,2022-11-15,Long,400.38,401.295,10:48:00,11:42:00,0.23,0.92
137,2022-11-15,Long,400.59,398.75,12:05:00,14:24:00,-0.46,-1.84
138,2022-11-16,Long,395.8,396.445,10:59:00,11:27:00,0.16,0.64
139,2022-11-16,Long,396.0472,396.615,12:23:00,12:38:00,0.14,0.57
140,2022-11-16,Long,396.565,396.13,13:03:00,15:01:00,-0.11,-0.44
141,2022-11-16,Long,395.155,395.9201,15:19:00,15:51:00,0.19,0.77
142,2022-11-17,Long,390.62,391.99,10:02:00,10:27:00,0.35,1.37
143,2022-11-17,Long,394.17,394.03,13:56:00,14:07:00,-0.04,-0.14
144,2022-11-17,Long,393.665,393.24,14:12:00,15:54:00,-0.11,-0.43
145,2022-11-18,Long,396.2242,395.5,09:39:00,11:29:00,-0.18,-0.72
146,2022-11-18,Long,395.19,394.13,11:42:00,12:39:00,-0.27,-1.06
147,2022-11-18,Long,393.46,394.14,12:53:00,13:15:00,0.17,0.68
148,2022-11-18,Long,393.6353,394.1708,13:55:00,14:10:00,0.14,0.54
149,2022-11-18,Long,394.06,395.4,14:37:00,15:14:00,0.34,1.34
150,2022-11-21,Long,394.995,395.46,09:45:00,09:54:00,0.12,0.46
151,2022-11-21,Long,394.72,393.65,10:08:00,11:02:00,-0.27,-1.07
152,2022-11-21,Long,394.06,394.5011,12:50:00,13:09:00,0.11,0.44
153,2022-11-21,Long,395.02,394.78,13:54:00,15:49:00,-0.06,-0.24
154,2022-11-22,Long,396.38,396.53,09:34:00,10:09:00,0.04,0.15
155,2022-11-23,Long,401.84,400.725,11:36:00,12:14:00,-0.28,-1.11
156,2022-11-23,Long,399.9032,399.98,12:54:00,13:12:00,0.02,0.08
157,2022-11-23,Long,401.49,402.08,14:00:00,14:06:00,0.15,0.59
158,2022-11-23,Long,401.78,402.08,14:42:00,14:54:00,0.07,0.3
159,2022-11-25,Long,402.5599,402.46,11:21:00,11:56:00,-0.02,-0.1
160,2022-11-25,Long,402.47,402.42,12:05:00,14:11:00,-0.01,-0.05
161,2022-11-25,Long,402.3,402.48,14:53:00,15:10:00,0.04,0.18
162,2022-11-28,Long,399.35,398.9,10:28:00,11:50:00,-0.11,-0.45
163,2022-11-28,Long,398.335,398.53,12:03:00,12:29:00,0.05,0.19
164,2022-11-28,Long,397.845,397.905,13:03:00,13:27:00,0.02,0.06
165,2022-11-28,Long,397.6,396.1516,13:35:00,14:46:00,-0.36,-1.45
166,2022-11-28,Long,396.0899,395.6,14:59:00,15:46:00,-0.12,-0.49
167,2022-11-29,Long,395.56,396.1589,09:56:00,10:07:00,0.15,0.6
168,2022-11-29,Long,396.47,394.57,10:54:00,11:58:00,-0.48,-1.9
169,2022-11-29,Long,394.7201,394.51,13:11:00,13:50:00,-0.05,-0.21
170,2022-11-29,Long,394.675,394.6599,14:38:00,15:02:00,-0.0,-0.02
171,2022-11-30,Long,394.48,394.55,10:01:00,10:42:00,0.02,0.07
172,2022-11-30,Long,394.1376,394.875,10:54:00,11:22:00,0.19,0.74
173,2022-11-30,Long,393.98,394.09,12:25:00,12:51:00,0.03,0.11
174,2022-11-30,Long,402.38,403.8,14:44:00,15:03:00,0.35,1.42
175,2022-12-01,Long,405.85,406.405,10:25:00,10:48:00,0.14,0.55
176,2022-12-01,Long,406.205,406.67,11:17:00,12:24:00,0.11,0.47
177,2022-12-01,Long,406.99,407.69,12:46:00,13:11:00,0.17,0.7
178,2022-12-01,Long,406.81,407.17,13:29:00,13:48:00,0.09,0.36
179,2022-12-01,Long,406.62,406.99,14:04:00,14:22:00,0.09,0.37
180,2022-12-01,Long,407.2986,407.805,15:23:00,15:41:00,0.12,0.51
181,2022-12-02,Long,403.67,404.5,10:28:00,11:30:00,0.21,0.83
182,2022-12-02,Long,405.34,405.88,12:01:00,12:15:00,0.13,0.54
183,2022-12-02,Long,405.495,405.2283,12:28:00,13:42:00,-0.07,-0.27
184,2022-12-02,Long,404.7284,405.1,14:08:00,14:25:00,0.09,0.37
185,2022-12-05,Long,403.88,403.285,09:53:00,10:45:00,-0.15,-0.59
186,2022-12-05,Long,402.045,401.42,11:37:00,12:20:00,-0.16,-0.62
187,2022-12-05,Long,401.06,400.825,12:34:00,13:17:00,-0.06,-0.24
188,2022-12-05,Long,400.4,400.325,13:28:00,13:43:00,-0.02,-0.07
189,2022-12-05,Long,399.27,399.42,14:09:00,14:15:00,0.04,0.15
190,2022-12-05,Long,399.12,398.96,14:25:00,15:01:00,-0.04,-0.16
191,2022-12-05,Long,398.69,399.565,15:28:00,15:56:00,0.22,0.88
192,2022-12-06,Long,399.65,395.6,09:30:00,11:33:00,-1.01,-4.05
193,2022-12-06,Long,394.45,393.4899,12:23:00,13:51:00,-0.24,-0.96
194,2022-12-06,Long,392.99,392.405,14:04:00,14:52:00,-0.15,-0.59
195,2022-12-06,Long,392.57,393.63,15:15:00,15:46:00,0.27,1.06
196,2022-12-07,Long,393.0,394.06,09:56:00,10:08:00,0.27,1.06
197,2022-12-07,Long,394.22,395.056,10:44:00,10:59:00,0.21,0.84
198,2022-12-07,Long,392.71,393.14,11:34:00,11:49:00,0.11,0.43
199,2022-12-07,Long,392.7,392.9999,14:04:00,14:19:00,0.08,0.3
200,2022-12-07,Long,392.95,393.0201,14:54:00,15:33:00,0.02,0.07
201,2022-12-08,Long,394.54,396.6,09:39:00,10:10:00,0.52,2.06
202,2022-12-08,Long,395.8099,396.13,11:06:00,11:40:00,0.08,0.32
203,2022-12-08,Long,395.23,395.44,14:13:00,14:27:00,0.05,0.21
204,2022-12-08,Long,395.425,396.33,15:07:00,15:25:00,0.23,0.9
205,2022-12-09,Long,396.535,396.93,11:14:00,11:34:00,0.1,0.39
206,2022-12-09,Long,397.08,396.15,12:04:00,13:39:00,-0.23,-0.93
207,2022-12-09,Long,395.49,395.8199,14:06:00,14:20:00,0.08,0.33
208,2022-12-12,Long,394.135,395.06,10:20:00,11:17:00,0.23,0.93
209,2022-12-12,Long,395.22,395.5099,13:15:00,13:31:00,0.07,0.29
210,2022-12-12,Long,395.76,396.01,14:04:00,14:47:00,0.06,0.25
211,2022-12-12,Long,398.01,398.52,15:51:00,16:00:00,0.13,0.51
212,2022-12-13,Long,408.99,409.58,09:43:00,09:56:00,0.14,0.59
213,2022-12-13,Long,408.2,404.94,10:08:00,11:40:00,-0.8,-3.26
214,2022-12-13,Long,402.67,402.83,11:59:00,12:08:00,0.04,0.16
215,2022-12-13,Long,400.5,400.18,12:22:00,13:05:00,-0.08,-0.32
216,2022-12-13,Long,400.33,401.26,15:07:00,15:19:00,0.23,0.93
217,2022-12-14,Long,403.9003,404.18,10:33:00,10:46:00,0.07,0.28
218,2022-12-14,Long,404.325,404.73,11:17:00,11:30:00,0.1,0.41
219,2022-12-14,Long,404.24,403.97,11:54:00,13:14:00,-0.07,-0.27
220,2022-12-14,Long,400.39,400.3669,14:13:00,15:07:00,-0.01,-0.02
221,2022-12-14,Long,398.72,399.0,15:31:00,15:45:00,0.07,0.28
222,2022-12-15,Long,390.95,391.46,10:09:00,10:20:00,0.13,0.51
223,2022-12-15,Long,391.28,391.43,10:32:00,10:47:00,0.04,0.15
224,2022-12-15,Long,391.0,389.62,10:59:00,14:46:00,-0.35,-1.38
225,2022-12-16,Long,383.705,382.52,10:18:00,12:39:00,-0.31,-1.19
226,2022-12-16,Long,381.369,381.4099,12:59:00,13:12:00,0.01,0.04
227,2022-12-16,Long,381.665,382.87,14:35:00,15:04:00,0.32,1.2
228,2022-12-19,Long,382.21,383.32,09:56:00,10:27:00,0.29,1.11
229,2022-12-19,Long,382.6199,381.1,10:40:00,11:55:00,-0.4,-1.52
230,2022-12-19,Long,381.05,381.4886,12:34:00,12:49:00,0.12,0.44
231,2022-12-19,Long,381.22,381.52,13:09:00,13:24:00,0.08,0.3
232,2022-12-19,Long,380.6401,379.98,13:40:00,15:59:00,-0.17,-0.66
233,2022-12-20,Long,380.78,380.725,11:11:00,12:02:00,-0.01,-0.05
234,2022-12-20,Long,380.4817,380.74,12:39:00,12:50:00,0.07,0.26
235,2022-12-20,Long,381.58,381.8814,14:00:00,14:15:00,0.08,0.3
236,2022-12-20,Long,381.36,381.045,14:21:00,15:32:00,-0.08,-0.31
237,2022-12-21,Long,383.08,383.673,09:36:00,09:50:00,0.15,0.59
238,2022-12-21,Long,386.275,386.54,11:25:00,13:12:00,0.07,0.27
239,2022-12-21,Long,385.99,386.42,13:26:00,13:55:00,0.11,0.43
240,2022-12-22,Long,382.11,375.605,09:36:00,13:48:00,-1.7,-6.5
241,2022-12-23,Long,378.34,381.17,09:56:00,10:22:00,0.75,2.83
242,2022-12-23,Long,381.39,380.66,10:54:00,11:18:00,-0.19,-0.73
243,2022-12-23,Long,381.71,382.11,12:50:00,13:05:00,0.1,0.4
244,2022-12-23,Long,381.7199,382.13,13:46:00,14:41:00,0.11,0.41
245,2022-12-23,Long,381.98,382.1599,15:26:00,15:50:00,0.05,0.18
246,2022-12-27,Long,380.54,382.33,09:48:00,10:28:00,0.47,1.79
247,2022-12-27,Long,382.1978,382.59,11:01:00,11:49:00,0.1,0.39
248,2022-12-27,Long,382.42,382.9247,11:59:00,12:12:00,0.13,0.5
249,2022-12-27,Long,382.19,382.3416,12:30:00,13:11:00,0.04,0.15
250,2022-12-27,Long,382.155,381.25,13:23:00,14:53:00,-0.24,-0.9
251,2022-12-28,Long,382.22,382.78,09:31:00,09:37:00,0.15,0.56
252,2022-12-28,Long,382.03,378.02,09:53:00,12:32:00,-1.05,-4.01
253,2022-12-28,Long,379.3195,378.96,13:25:00,14:49:00,-0.09,-0.36
254,2022-12-29,Long,382.94,383.6385,10:49:00,11:46:00,0.18,0.7
255,2022-12-29,Long,383.805,383.8501,12:06:00,12:57:00,0.01,0.05
256,2022-12-29,Long,383.55,384.13,13:05:00,14:03:00,0.15,0.58
257,2022-12-29,Long,383.9,383.91,14:20:00,14:46:00,0.0,0.01
258,2022-12-30,Long,380.0,380.945,09:51:00,10:27:00,0.25,0.94
259,2022-12-30,Long,380.455,380.3,11:03:00,11:35:00,-0.04,-0.15
260,2022-12-30,Long,379.345,379.54,13:28:00,13:41:00,0.05,0.19
261,2022-12-30,Long,379.6,379.22,13:53:00,14:32:00,-0.1,-0.38
262,2022-12-30,Long,378.78,379.675,14:48:00,15:06:00,0.24,0.9
263,2023-01-03,Long,385.07,381.39,09:32:00,10:49:00,-0.96,-3.68
264,2023-01-03,Long,380.32,379.47,11:22:00,12:39:00,-0.22,-0.85
265,2023-01-03,Long,378.53,379.21,12:55:00,13:34:00,0.18,0.68
266,2023-01-03,Long,379.3,379.97,14:12:00,14:56:00,0.18,0.67
267,2023-01-04,Long,380.96,382.46,10:13:00,10:50:00,0.39,1.5
268,2023-01-04,Long,385.28,384.95,12:10:00,13:27:00,-0.09,-0.33
269,2023-01-04,Long,385.02,383.59,13:59:00,15:02:00,-0.37,-1.43
270,2023-01-05,Long,380.67,379.7401,09:33:00,10:00:00,-0.24,-0.93
271,2023-01-05,Long,380.39,379.79,10:26:00,11:14:00,-0.16,-0.6
272,2023-01-05,Long,379.0292,380.025,11:24:00,12:09:00,0.26,1.0
273,2023-01-05,Long,379.76,381.28,12:49:00,13:35:00,0.4,1.52
274,2023-01-05,Long,380.8,381.38,13:46:00,14:50:00,0.15,0.58
275,2023-01-06,Long,380.2,381.61,09:43:00,10:03:00,0.37,1.41
276,2023-01-06,Long,386.01,385.74,12:14:00,13:17:00,-0.07,-0.27
277,2023-01-09,Long,389.88,391.865,09:38:00,10:05:00,0.51,1.99
278,2023-01-09,Long,393.243,393.37,11:35:00,11:55:00,0.03,0.13
279,2023-01-09,Long,392.95,392.155,12:08:00,13:23:00,-0.2,-0.8
280,2023-01-09,Long,390.82,390.8999,13:41:00,14:03:00,0.02,0.08
281,2023-01-10,Long,387.8999,389.3698,09:48:00,10:18:00,0.38,1.47
282,2023-01-10,Long,386.495,388.41,10:44:00,11:06:00,0.5,1.92
283,2023-01-10,Long,388.19,388.75,12:26:00,12:44:00,0.14,0.56
284,2023-01-10,Long,388.81,389.4,13:21:00,13:38:00,0.15,0.59
285,2023-01-10,Long,389.435,389.865,14:52:00,15:48:00,0.11,0.43
286,2023-01-11,Long,392.09,392.58,10:36:00,11:28:00,0.12,0.49
287,2023-01-11,Long,393.08,393.53,12:37:00,13:05:00,0.11,0.45
288,2023-01-11,Long,393.6,393.85,13:54:00,14:24:00,0.06,0.25
289,2023-01-11,Long,394.3082,394.35,14:58:00,15:05:00,0.01,0.04
290,2023-01-12,Long,393.035,394.63,09:54:00,10:05:00,0.41,1.59
291,2023-01-12,Long,395.65,395.49,10:50:00,10:59:00,-0.04,-0.16
292,2023-01-12,Long,396.75,398.08,13:34:00,14:03:00,0.34,1.33
293,2023-01-12,Long,397.82,396.93,14:11:00,15:34:00,-0.22,-0.89
294,2023-01-12,Long,396.1,396.96,15:48:00,16:00:00,0.22,0.86
295,2023-01-13,Long,395.71,396.055,11:13:00,12:12:00,0.09,0.35
296,2023-01-13,Long,396.41,396.655,13:17:00,13:35:00,0.06,0.24
297,2023-01-17,Long,398.23,398.075,10:44:00,11:40:00,-0.04,-0.16
298,2023-01-17,Long,397.88,397.936,12:20:00,12:41:00,0.01,0.06
299,2023-01-17,Long,397.8199,398.553,14:22:00,14:45:00,0.18,0.73
300,2023-01-18,Long,398.315,393.281,10:39:00,13:30:00,-1.26,-5.03
301,2023-01-18,Long,393.52,393.59,14:07:00,14:35:00,0.02,0.07
302,2023-01-19,Long,389.04,388.62,09:55:00,11:14:00,-0.11,-0.42
303,2023-01-19,Long,387.985,388.28,11:31:00,12:12:00,0.08,0.29
304,2023-01-19,Long,388.3,388.886,12:33:00,13:06:00,0.15,0.59
305,2023-01-19,Long,389.63,390.78,13:56:00,14:28:00,0.3,1.15
306,2023-01-20,Long,389.23,389.39,09:40:00,09:49:00,0.04,0.16
307,2023-01-20,Long,391.795,392.04,11:43:00,12:13:00,0.06,0.25
308,2023-01-23,Long,401.0999,401.14,11:36:00,12:40:00,0.01,0.04
309,2023-01-23,Long,402.005,399.97,13:58:00,15:22:00,-0.51,-2.03
310,2023-01-24,Long,398.43,398.952,10:08:00,10:22:00,0.13,0.52
311,2023-01-24,Long,399.9909,400.35,11:16:00,12:20:00,0.09,0.36
312,2023-01-24,Long,400.31,400.5701,14:02:00,14:34:00,0.06,0.26
313,2023-01-25,Long,395.76,394.74,09:30:00,11:08:00,-0.26,-1.02
314,2023-01-25,Long,396.775,397.21,12:29:00,12:44:00,0.11,0.44
315,2023-01-25,Long,398.88,399.62,14:02:00,14:23:00,0.19,0.74
316,2023-01-25,Long,399.078,399.62,14:37:00,14:53:00,0.14,0.54
317,2023-01-26,Long,401.435,402.77,09:57:00,10:27:00,0.33,1.33
318,2023-01-26,Long,401.9,401.01,10:39:00,11:39:00,-0.22,-0.89
319,2023-01-26,Long,401.91,402.49,12:47:00,13:02:00,0.14,0.58
320,2023-01-26,Long,401.945,402.57,13:06:00,13:35:00,0.16,0.62
321,2023-01-26,Long,402.71,402.92,14:02:00,14:15:00,0.05,0.21
322,2023-01-27,Long,405.5,405.01,10:22:00,11:30:00,-0.12,-0.49
323,2023-01-27,Long,406.11,406.44,12:30:00,12:42:00,0.08,0.33
324,2023-01-27,Long,406.03,406.27,13:12:00,13:32:00,0.06,0.24
325,2023-01-27,Long,407.41,407.78,15:22:00,15:35:00,0.09,0.37
326,2023-01-30,Long,403.46,403.085,10:26:00,11:02:00,-0.09,-0.38
327,2023-01-30,Long,402.97,403.07,11:44:00,12:11:00,0.02,0.1
328,2023-01-30,Long,402.52,402.65,12:26:00,13:27:00,0.03,0.13
329,2023-01-30,Long,402.015,401.325,13:43:00,15:06:00,-0.17,-0.69
330,2023-01-30,Long,401.0,401.21,15:18:00,15:41:00,0.05,0.21
331,2023-01-31,Long,402.94,403.275,11:50:00,12:20:00,0.08,0.33
332,2023-01-31,Long,403.9,404.36,15:23:00,15:39:00,0.11,0.46
333,2023-02-01,Long,405.05,405.67,09:35:00,09:48:00,0.15,0.62
334,2023-02-01,Long,405.2001,404.73,10:08:00,11:17:00,-0.12,-0.47
335,2023-02-01,Long,404.3477,404.4401,12:09:00,13:08:00,0.02,0.09
336,2023-02-01,Long,404.41,409.45,13:48:00,14:54:00,1.25,5.04
337,2023-02-02,Long,413.9,416.55,09:36:00,10:46:00,0.64,2.65
338,2023-02-02,Long,416.26,416.5707,11:49:00,12:26:00,0.07,0.31
339,2023-02-02,Long,416.185,416.7999,12:50:00,13:06:00,0.15,0.61
340,2023-02-02,Long,416.7,417.2,13:18:00,13:45:00,0.12,0.5
341,2023-02-02,Long,415.74,415.28,14:24:00,15:27:00,-0.11,-0.46
342,2023-02-03,Long,415.54,416.81,10:57:00,11:36:00,0.31,1.27
343,2023-02-03,Long,415.4999,416.01,11:49:00,12:17:00,0.12,0.51
344,2023-02-03,Long,413.42,413.42,13:13:00,13:23:00,0.0,0.0
345,2023-02-03,Long,412.75,413.13,13:32:00,13:57:00,0.09,0.38
346,2023-02-03,Long,412.47,412.15,14:53:00,15:15:00,-0.08,-0.32
347,2023-02-06,Long,409.218,410.13,10:17:00,11:02:00,0.22,0.91
348,2023-02-06,Long,410.32,410.16,11:50:00,12:39:00,-0.04,-0.16
349,2023-02-06,Long,409.84,410.01,13:01:00,13:26:00,0.04,0.17
350,2023-02-06,Long,409.93,409.7,14:41:00,15:42:00,-0.06,-0.23
351,2023-02-07,Long,409.082,409.635,11:04:00,11:19:00,0.14,0.55
352,2023-02-07,Long,409.87,410.05,12:26:00,12:42:00,0.04,0.18
353,2023-02-07,Long,412.36,411.82,13:18:00,14:20:00,-0.13,-0.54
354,2023-02-08,Long,412.56,411.2,10:36:00,12:00:00,-0.33,-1.36
355,2023-02-08,Long,410.845,412.06,12:42:00,13:04:00,0.3,1.21
356,2023-02-08,Long,411.49,411.99,13:34:00,14:17:00,0.12,0.5
357,2023-02-08,Long,411.24,411.36,14:33:00,14:58:00,0.03,0.12
358,2023-02-09,Long,413.572,411.4701,09:42:00,12:04:00,-0.51,-2.1
359,2023-02-09,Long,409.555,407.21,12:49:00,15:46:00,-0.57,-2.35
360,2023-02-10,Long,405.55,407.73,10:03:00,10:24:00,0.54,2.18
361,2023-02-10,Long,406.41,407.11,10:53:00,11:12:00,0.17,0.7
362,2023-02-10,Long,406.93,406.24,11:34:00,12:32:00,-0.17,-0.69
363,2023-02-10,Long,406.56,406.84,14:08:00,14:17:00,0.07,0.28
364,2023-02-10,Long,406.37,407.278,14:30:00,14:58:00,0.22,0.91
365,2023-02-10,Long,406.91,407.81,15:26:00,15:47:00,0.22,0.9
366,2023-02-13,Long,411.65,411.91,11:28:00,11:51:00,0.06,0.26
367,2023-02-13,Long,412.16,411.96,13:00:00,13:24:00,-0.05,-0.2
368,2023-02-13,Long,412.33,412.7,13:44:00,13:56:00,0.09,0.37
369,2023-02-13,Long,412.395,411.57,14:16:00,15:17:00,-0.2,-0.82
370,2023-02-14,Long,410.315,412.2116,09:33:00,09:48:00,0.46,1.9
371,2023-02-14,Long,410.77,411.03,10:48:00,11:09:00,0.06,0.26
372,2023-02-14,Long,408.83,410.0299,11:43:00,12:08:00,0.29,1.2
373,2023-02-14,Long,411.65,412.56,14:07:00,14:24:00,0.22,0.91
374,2023-02-14,Long,412.75,413.33,15:10:00,15:25:00,0.14,0.58
375,2023-02-15,Long,410.22,410.88,09:57:00,10:23:00,0.16,0.66
376,2023-02-15,Long,410.78,411.74,10:51:00,11:07:00,0.23,0.96
377,2023-02-15,Long,411.4728,411.5586,12:13:00,12:55:00,0.02,0.09
378,2023-02-15,Long,412.635,412.88,15:01:00,15:10:00,0.06,0.25
379,2023-02-16,Long,412.335,412.08,13:00:00,13:47:00,-0.06,-0.25
380,2023-02-17,Long,404.6001,405.5499,09:57:00,10:15:00,0.23,0.95
381,2023-02-17,Long,405.495,405.19,10:47:00,11:48:00,-0.08,-0.31
382,2023-02-17,Long,404.9,404.98,12:43:00,13:20:00,0.02,0.08
383,2023-02-17,Long,404.6,405.17,13:26:00,13:48:00,0.14,0.57
384,2023-02-21,Long,402.97,402.28,09:56:00,10:43:00,-0.17,-0.69
385,2023-02-21,Long,401.52,400.53,10:59:00,12:41:00,-0.25,-0.99
386,2023-02-21,Long,400.3402,399.7122,13:10:00,14:35:00,-0.16,-0.63
387,2023-02-21,Long,399.44,399.74,15:20:00,15:36:00,0.08,0.3
388,2023-02-22,Long,398.51,398.99,10:20:00,10:26:00,0.12,0.48
389,2023-02-22,Long,398.09,398.62,10:40:00,10:49:00,0.13,0.53
390,2023-02-22,Long,398.82,399.95,11:18:00,12:31:00,0.28,1.13
391,2023-02-22,Long,400.04,400.405,13:00:00,13:17:00,0.09,0.36
392,2023-02-23,Long,400.84,397.4299,10:12:00,12:37:00,-0.85,-3.41
393,2023-02-24,Long,394.66,394.6279,09:47:00,11:10:00,-0.01,-0.03
394,2023-02-24,Long,395.48,394.9,12:07:00,13:30:00,-0.15,-0.58
395,2023-02-24,Long,395.59,396.23,15:45:00,15:58:00,0.16,0.64
396,2023-02-27,Long,399.3707,399.87,09:34:00,09:56:00,0.13,0.5
397,2023-02-27,Long,399.04,399.29,10:49:00,11:11:00,0.06,0.25
398,2023-02-27,Long,398.385,398.3099,11:24:00,11:49:00,-0.02,-0.08
399,2023-02-27,Long,397.89,398.3799,12:11:00,12:41:00,0.12,0.49
400,2023-02-27,Long,398.28,399.1925,13:46:00,14:14:00,0.23,0.91
401,2023-02-27,Long,398.69,397.49,14:29:00,15:53:00,-0.3,-1.2
402,2023-02-28,Long,397.07,397.5,09:38:00,09:48:00,0.11,0.43
403,2023-02-28,Long,397.43,397.97,10:20:00,11:13:00,0.14,0.54
404,2023-02-28,Long,397.672,398.1532,11:36:00,12:23:00,0.12,0.48
405,2023-02-28,Long,398.41,397.1879,14:18:00,15:54:00,-0.31,-1.22
406,2023-03-01,Long,394.56,395.505,10:16:00,10:39:00,0.24,0.94
407,2023-03-01,Long,393.82,394.43,11:21:00,11:37:00,0.15,0.61
408,2023-03-01,Long,395.3701,394.155,13:13:00,15:07:00,-0.31,-1.22
409,2023-03-02,Long,393.89,394.185,10:49:00,11:04:00,0.07,0.3
410,2023-03-02,Long,393.95,393.891,11:31:00,11:51:00,-0.01,-0.06
411,2023-03-02,Long,393.48,394.07,12:18:00,12:38:00,0.15,0.59
412,2023-03-02,Long,394.0701,394.33,12:46:00,12:57:00,0.07,0.26
413,2023-03-02,Long,396.3,396.8793,14:17:00,14:33:00,0.15,0.58
414,2023-03-03,Long,399.51,399.95,09:36:00,09:50:00,0.11,0.44
415,2023-03-03,Long,399.7701,401.1999,10:10:00,10:28:00,0.36,1.43
416,2023-03-03,Long,402.79,402.9663,13:23:00,13:49:00,0.04,0.18
417,2023-03-06,Long,406.5,406.77,11:28:00,12:06:00,0.07,0.27
418,2023-03-06,Long,406.56,405.0,12:36:00,14:15:00,-0.38,-1.56
419,2023-03-06,Long,404.96,405.13,14:27:00,14:31:00,0.04,0.17
420,2023-03-06,Long,404.72,404.525,14:58:00,15:43:00,-0.05,-0.2
421,2023-03-07,Long,401.1699,403.02,10:15:00,10:36:00,0.46,1.85
422,2023-03-07,Long,401.28,400.99,10:53:00,12:22:00,-0.07,-0.29
423,2023-03-07,Long,400.62,398.49,12:42:00,14:03:00,-0.53,-2.13
424,2023-03-07,Long,398.145,398.395,14:35:00,15:14:00,0.06,0.25
425,2023-03-08,Long,398.29,398.745,09:44:00,09:59:00,0.11,0.45
426,2023-03-08,Long,398.52,398.92,10:54:00,11:12:00,0.1,0.4
427,2023-03-08,Long,398.23,399.2,11:32:00,11:58:00,0.24,0.97
428,2023-03-08,Long,398.4101,398.1699,12:19:00,12:50:00,-0.06,-0.24
429,2023-03-08,Long,397.99,397.54,12:56:00,14:13:00,-0.11,-0.45
430,2023-03-08,Long,397.435,398.8199,14:52:00,15:56:00,0.35,1.38
431,2023-03-09,Long,400.01,400.345,09:32:00,09:40:00,0.08,0.34
432,2023-03-09,Long,400.01,400.78,10:19:00,10:46:00,0.19,0.77
433,2023-03-09,Long,400.11,399.21,10:56:00,12:32:00,-0.22,-0.9
434,2023-03-10,Long,388.71,389.72,09:51:00,10:02:00,0.26,1.01
435,2023-03-10,Long,388.855,391.17,10:50:00,11:09:00,0.6,2.31
436,2023-03-10,Long,390.09,389.84,11:59:00,12:34:00,-0.06,-0.25
437,2023-03-10,Long,388.11,386.32,13:04:00,14:13:00,-0.46,-1.79
438,2023-03-10,Long,385.36,386.51,14:28:00,14:40:00,0.3,1.15
439,2023-03-10,Long,386.46,385.92,15:23:00,15:59:00,-0.14,-0.54
440,2023-03-13,Long,382.27,384.03,09:32:00,09:53:00,0.46,1.76
441,2023-03-13,Long,385.1,387.67,10:21:00,11:09:00,0.67,2.57
442,2023-03-13,Long,387.03,387.42,12:34:00,13:42:00,0.1,0.39
443,2023-03-13,Long,386.6,387.0,15:32:00,15:44:00,0.1,0.4
444,2023-03-14,Long,392.33,391.945,12:08:00,12:40:00,-0.1,-0.38
445,2023-03-14,Long,389.42,389.435,13:22:00,14:39:00,0.0,0.01
446,2023-03-14,Long,388.3,389.74,15:18:00,15:48:00,0.37,1.44
447,2023-03-15,Long,385.735,386.22,09:59:00,11:09:00,0.13,0.49
448,2023-03-15,Long,386.0899,385.78,12:01:00,13:20:00,-0.08,-0.31
449,2023-03-15,Long,385.73,386.26,13:49:00,13:58:00,0.14,0.53
450,2023-03-16,Long,387.21,391.24,10:11:00,11:02:00,1.04,4.03
451,2023-03-16,Long,393.2,393.77,12:14:00,12:29:00,0.14,0.57
452,2023-03-16,Long,395.13,394.595,13:21:00,14:49:00,-0.14,-0.53
453,2023-03-17,Long,392.79,393.92,09:53:00,10:05:00,0.29,1.13
454,2023-03-17,Long,390.55,390.78,10:36:00,11:18:00,0.06,0.23
455,2023-03-17,Long,389.77,390.31,11:31:00,12:11:00,0.14,0.54
456,2023-03-17,Long,390.7,390.93,12:46:00,13:09:00,0.06,0.23
457,2023-03-17,Long,389.84,389.52,14:17:00,15:07:00,-0.08,-0.32
458,2023-03-20,Long,391.28,392.24,10:19:00,10:32:00,0.25,0.96
459,2023-03-20,Long,393.13,392.11,11:46:00,12:42:00,-0.26,-1.02
460,2023-03-20,Long,393.395,393.1601,13:29:00,14:24:00,-0.06,-0.23
461,2023-03-20,Long,392.488,392.905,14:42:00,14:52:00,0.11,0.42
462,2023-03-21,Long,396.93,396.6982,10:16:00,10:50:00,-0.06,-0.23
463,2023-03-21,Long,396.2,396.66,11:41:00,12:34:00,0.12,0.46
464,2023-03-21,Long,396.34,396.73,12:46:00,13:16:00,0.1,0.39
465,2023-03-21,Long,396.94,397.01,13:50:00,14:38:00,0.02,0.07
466,2023-03-22,Long,398.49,398.7,09:35:00,10:08:00,0.05,0.21
467,2023-03-22,Long,399.2101,398.0265,10:59:00,13:25:00,-0.3,-1.18
468,2023-03-22,Long,396.53,398.28,15:12:00,15:26:00,0.44,1.75
469,2023-03-23,Long,398.5249,395.92,11:22:00,13:42:00,-0.65,-2.6
470,2023-03-23,Long,395.15,392.97,13:55:00,15:02:00,-0.55,-2.18
471,2023-03-24,Long,390.6,391.59,09:43:00,10:07:00,0.25,0.99
472,2023-03-24,Long,391.4,391.08,10:44:00,11:37:00,-0.08,-0.32
473,2023-03-24,Long,392.0601,392.83,12:18:00,12:38:00,0.2,0.77
474,2023-03-24,Long,393.02,393.72,13:19:00,13:34:00,0.18,0.7
475,2023-03-24,Long,393.39,393.49,13:56:00,14:06:00,0.03,0.1
476,2023-03-24,Long,394.33,395.22,15:02:00,15:24:00,0.23,0.89
477,2023-03-27,Long,398.2301,398.16,09:31:00,09:54:00,-0.02,-0.07
478,2023-03-27,Long,397.8,396.91,10:06:00,10:57:00,-0.22,-0.89
479,2023-03-27,Long,396.28,396.752,11:11:00,11:35:00,0.12,0.47
480,2023-03-27,Long,396.36,397.07,12:43:00,13:35:00,0.18,0.71
481,2023-03-27,Long,396.5217,397.46,14:07:00,14:28:00,0.24,0.94
482,2023-03-28,Long,395.85,395.6401,10:25:00,11:27:00,-0.05,-0.21
483,2023-03-28,Long,395.72,394.6799,12:13:00,14:52:00,-0.26,-1.04
484,2023-03-29,Long,399.17,399.3,10:36:00,11:17:00,0.03,0.13
485,2023-03-29,Long,399.75,400.135,12:47:00,13:21:00,0.1,0.38
486,2023-03-29,Long,399.88,399.805,13:35:00,14:12:00,-0.02,-0.07
487,2023-03-30,Long,403.779,403.65,09:40:00,10:34:00,-0.03,-0.13
488,2023-03-30,Long,403.56,402.565,11:00:00,13:15:00,-0.25,-1.0
489,2023-03-30,Long,402.09,402.375,13:37:00,14:10:00,0.07,0.29
490,2023-03-30,Long,402.97,403.29,14:47:00,15:05:00,0.08,0.32
491,2023-03-31,Long,407.38,407.13,12:39:00,13:59:00,-0.06,-0.25
492,2023-03-31,Long,407.225,407.305,14:28:00,14:46:00,0.02,0.08
493,2023-03-31,Long,408.17,409.18,15:49:00,16:00:00,0.25,1.01
494,2023-04-03,Long,409.02,409.0399,11:04:00,11:28:00,0.0,0.02
495,2023-04-03,Long,409.03,409.6499,13:01:00,13:23:00,0.15,0.62
496,2023-04-03,Long,409.295,410.31,13:31:00,14:53:00,0.25,1.01
497,2023-04-04,Long,411.4,411.01,09:33:00,09:59:00,-0.09,-0.39
498,2023-04-04,Long,410.44,408.1122,10:24:00,12:35:00,-0.57,-2.33
499,2023-04-05,Long,407.61,407.95,10:12:00,10:25:00,0.08,0.34
500,2023-04-05,Long,406.54,406.96,10:53:00,11:17:00,0.1,0.42
501,2023-04-05,Long,406.85,406.4309,11:55:00,13:08:00,-0.1,-0.42
502,2023-04-05,Long,407.17,407.5343,14:22:00,14:38:00,0.09,0.36
503,2023-04-05,Long,407.31,407.4,15:01:00,15:38:00,0.02,0.09
504,2023-04-06,Long,406.36,406.26,09:36:00,10:03:00,-0.02,-0.1
505,2023-04-06,Long,406.36,407.2,10:43:00,11:19:00,0.21,0.84
506,2023-04-06,Long,408.71,408.99,13:01:00,15:36:00,0.07,0.28
507,2023-04-10,Long,406.33,407.045,09:32:00,10:17:00,0.18,0.72
508,2023-04-10,Long,406.665,407.038,10:29:00,10:45:00,0.09,0.37
509,2023-04-10,Long,406.68,407.43,10:58:00,11:17:00,0.18,0.75
510,2023-04-10,Long,406.62,406.81,12:09:00,12:21:00,0.05,0.19
511,2023-04-10,Long,408.418,408.5301,13:43:00,13:57:00,0.03,0.11
512,2023-04-10,Long,408.48,408.9999,14:42:00,15:03:00,0.13,0.52
513,2023-04-10,Long,408.88,408.94,15:15:00,15:44:00,0.01,0.06
514,2023-04-11,Long,409.97,409.96,09:32:00,10:30:00,-0.0,-0.01
515,2023-04-11,Long,409.2706,409.46,10:47:00,11:01:00,0.05,0.19
516,2023-04-11,Long,409.78,410.14,11:38:00,12:04:00,0.09,0.36
517,2023-04-11,Long,410.81,411.0091,15:03:00,15:21:00,0.05,0.2
518,2023-04-12,Long,411.79,411.6,09:30:00,10:17:00,-0.05,-0.19
519,2023-04-12,Long,409.91,409.43,10:38:00,11:34:00,-0.12,-0.48
520,2023-04-13,Long,410.2767,410.62,10:48:00,10:56:00,0.08,0.34
521,2023-04-13,Long,410.565,411.025,11:54:00,12:09:00,0.11,0.46
522,2023-04-13,Long,413.13,413.525,14:35:00,15:06:00,0.1,0.39
523,2023-04-14,Long,413.38,411.374,10:12:00,13:19:00,-0.49,-2.01
524,2023-04-14,Long,410.6412,411.01,13:39:00,14:01:00,0.09,0.37
525,2023-04-14,Long,411.21,412.33,15:16:00,15:50:00,0.27,1.12
526,2023-04-17,Long,412.3699,411.715,10:47:00,12:39:00,-0.16,-0.65
527,2023-04-17,Long,411.89,411.515,13:47:00,14:22:00,-0.09,-0.38
528,2023-04-18,Long,415.249,415.24,09:31:00,09:50:00,-0.0,-0.01
529,2023-04-18,Long,414.21,413.63,10:11:00,10:46:00,-0.14,-0.58
530,2023-04-18,Long,413.73,414.326,13:27:00,13:50:00,0.14,0.6
531,2023-04-18,Long,414.035,414.26,14:02:00,14:33:00,0.05,0.22
532,2023-04-18,Long,413.56,413.905,14:53:00,15:03:00,0.08,0.34
533,2023-04-19,Long,413.1,413.31,11:34:00,11:47:00,0.05,0.21
534,2023-04-19,Long,414.04,414.03,13:21:00,13:35:00,-0.0,-0.01
535,2023-04-19,Long,414.46,414.68,14:15:00,15:17:00,0.05,0.22
536,2023-04-20,Long,411.67,412.28,10:01:00,10:22:00,0.15,0.61
537,2023-04-20,Long,412.2288,412.42,11:07:00,11:50:00,0.05,0.19
538,2023-04-20,Long,412.13,412.3201,12:06:00,12:22:00,0.05,0.19
539,2023-04-20,Long,412.99,411.535,14:06:00,15:57:00,-0.35,-1.45
540,2023-04-21,Long,411.3199,412.0,09:56:00,10:30:00,0.17,0.68
541,2023-04-21,Long,410.74,411.27,10:52:00,11:06:00,0.13,0.53
542,2023-04-21,Long,411.4999,411.5901,12:33:00,12:53:00,0.02,0.09
543,2023-04-21,Long,411.53,411.69,13:24:00,13:34:00,0.04,0.16
544,2023-04-21,Long,412.4366,411.945,14:29:00,15:32:00,-0.12,-0.49
545,2023-04-24,Long,412.535,410.9783,10:06:00,12:08:00,-0.38,-1.56
546,2023-04-24,Long,410.86,411.36,12:16:00,12:34:00,0.12,0.5
547,2023-04-25,Long,410.25,410.48,09:47:00,10:01:00,0.06,0.23
548,2023-04-25,Long,409.89,409.7231,10:16:00,10:53:00,-0.04,-0.17
549,2023-04-25,Long,409.29,409.2116,11:42:00,12:22:00,-0.02,-0.08
550,2023-04-25,Long,408.82,407.18,12:39:00,14:33:00,-0.4,-1.64
551,2023-04-25,Long,406.72,407.1101,15:04:00,15:19:00,0.1,0.39
552,2023-04-26,Long,405.38,405.78,10:28:00,10:40:00,0.1,0.4
553,2023-04-26,Long,407.22,404.65,12:20:00,15:58:00,-0.63,-2.57
554,2023-04-27,Long,407.78,408.76,11:00:00,11:37:00,0.24,0.98
555,2023-04-27,Long,412.31,412.48,15:36:00,15:49:00,0.04,0.17
556,2023-04-28,Long,413.89,414.31,10:38:00,10:55:00,0.1,0.42
557,2023-04-28,Long,413.235,413.77,11:05:00,11:20:00,0.13,0.53
558,2023-04-28,Long,414.6,414.98,12:21:00,12:33:00,0.09,0.38
559,2023-04-28,Long,415.16,414.97,13:37:00,14:10:00,-0.05,-0.19
560,2023-04-28,Long,415.055,415.025,14:16:00,15:10:00,-0.01,-0.03
561,2023-04-28,Long,414.77,415.0,15:34:00,15:49:00,0.06,0.23
562,2023-05-01,Long,416.08,416.46,10:04:00,10:19:00,0.09,0.38
563,2023-05-01,Long,416.0881,416.7209,10:29:00,10:50:00,0.15,0.63
564,2023-05-01,Long,416.25,415.9347,11:19:00,11:40:00,-0.08,-0.32
565,2023-05-02,Long,414.285,409.0801,09:33:00,11:50:00,-1.26,-5.2
566,2023-05-02,Long,410.5,410.455,14:07:00,14:37:00,-0.01,-0.05
567,2023-05-03,Long,411.8101,410.67,10:16:00,11:26:00,-0.28,-1.14
568,2023-05-03,Long,411.4,411.5123,12:22:00,12:36:00,0.03,0.11
569,2023-05-03,Long,412.09,412.65,13:48:00,14:28:00,0.14,0.56
570,2023-05-04,Long,405.64,405.28,09:52:00,10:47:00,-0.09,-0.36
571,2023-05-04,Long,405.14,405.13,11:30:00,12:31:00,-0.0,-0.01
572,2023-05-04,Long,404.77,405.5852,12:44:00,13:03:00,0.2,0.82
573,2023-05-04,Long,406.23,405.29,13:46:00,15:12:00,-0.23,-0.94
574,2023-05-04,Long,404.81,405.89,15:15:00,15:39:00,0.27,1.08
575,2023-05-05,Long,411.06,411.2399,10:58:00,11:34:00,0.04,0.18
576,2023-05-05,Long,410.895,411.28,11:41:00,13:12:00,0.09,0.38
577,2023-05-08,Long,412.74,412.49,09:35:00,10:55:00,-0.06,-0.25
578,2023-05-08,Long,412.18,412.46,11:33:00,11:48:00,0.07,0.28
579,2023-05-08,Long,412.27,412.47,12:16:00,13:17:00,0.05,0.2
580,2023-05-08,Long,412.05,412.91,14:11:00,14:34:00,0.21,0.86
581,2023-05-08,Long,412.82,412.78,15:14:00,15:50:00,-0.01,-0.04
582,2023-05-09,Long,410.96,411.61,09:33:00,10:01:00,0.16,0.65
583,2023-05-09,Long,411.13,411.27,10:15:00,13:01:00,0.03,0.14
584,2023-05-09,Long,411.3801,411.705,14:54:00,15:11:00,0.08,0.32
585,2023-05-09,Long,411.47,411.62,15:23:00,15:36:00,0.04,0.15
586,2023-05-10,Long,411.89,413.135,09:54:00,10:14:00,0.3,1.25
587,2023-05-10,Long,412.25,411.51,10:22:00,11:13:00,-0.18,-0.74
588,2023-05-10,Long,411.83,411.01,11:56:00,14:19:00,-0.2,-0.82
589,2023-05-11,Long,411.24,410.99,09:39:00,10:50:00,-0.06,-0.25
590,2023-05-11,Long,411.58,411.66,13:22:00,13:40:00,0.02,0.08
591,2023-05-11,Long,410.9497,411.17,13:55:00,14:06:00,0.05,0.22
592,2023-05-11,Long,411.755,412.12,15:37:00,15:57:00,0.09,0.37
593,2023-05-12,Long,413.548,411.8058,09:31:00,11:07:00,-0.42,-1.74
594,2023-05-12,Long,411.12,411.33,11:20:00,12:01:00,0.05,0.21
595,2023-05-12,Long,410.5299,409.94,12:16:00,13:12:00,-0.14,-0.59
596,2023-05-12,Long,409.59,409.53,13:52:00,14:29:00,-0.01,-0.06
597,2023-05-15,Long,412.16,411.4,09:30:00,10:39:00,-0.18,-0.76
598,2023-05-15,Long,411.6683,411.925,11:41:00,12:20:00,0.06,0.26
599,2023-05-15,Long,411.97,412.49,13:50:00,14:10:00,0.13,0.52
600,2023-05-15,Long,412.56,412.81,15:45:00,16:00:00,0.06,0.25
601,2023-05-16,Long,411.66,411.6408,10:01:00,10:31:00,-0.0,-0.02
602,2023-05-16,Long,411.39,411.79,11:43:00,11:57:00,0.1,0.4
603,2023-05-16,Long,411.6708,411.8,12:22:00,14:00:00,0.03,0.13
604,2023-05-16,Long,411.405,411.64,14:08:00,14:58:00,0.06,0.24
605,2023-05-17,Long,411.955,411.71,09:43:00,10:28:00,-0.06,-0.25
606,2023-05-17,Long,415.36,415.14,14:05:00,15:08:00,-0.05,-0.22
607,2023-05-17,Long,414.84,415.255,15:29:00,15:57:00,0.1,0.42
608,2023-05-18,Long,417.52,417.9,11:17:00,11:50:00,0.09,0.38
609,2023-05-18,Long,417.08,416.4075,12:02:00,13:10:00,-0.16,-0.67
610,2023-05-18,Long,416.0001,416.77,13:41:00,14:35:00,0.19,0.77
611,2023-05-19,Long,420.055,420.28,09:31:00,09:46:00,0.05,0.22
612,2023-05-19,Long,420.385,420.54,10:37:00,11:04:00,0.04,0.16
613,2023-05-19,Long,419.33,418.65,11:15:00,11:55:00,-0.16,-0.68
614,2023-05-19,Long,418.03,418.8006,12:36:00,12:57:00,0.18,0.77
615,2023-05-19,Long,418.05,418.265,14:02:00,15:05:00,0.05,0.21
616,2023-05-19,Long,418.265,418.615,15:29:00,15:46:00,0.08,0.35
617,2023-05-22,Long,419.13,419.155,09:57:00,10:26:00,0.01,0.02
618,2023-05-22,Long,418.4911,419.18,10:57:00,11:13:00,0.16,0.69
619,2023-05-22,Long,419.04,419.35,11:49:00,12:05:00,0.07,0.31
620,2023-05-22,Long,418.9909,419.18,12:24:00,13:02:00,0.05,0.19
621,2023-05-22,Long,418.68,419.18,13:15:00,13:33:00,0.12,0.5
622,2023-05-23,Long,417.25,417.68,10:15:00,10:30:00,0.1,0.43
623,2023-05-23,Long,417.44,417.7105,10:53:00,11:08:00,0.06,0.27
624,2023-05-23,Long,417.58,417.78,11:19:00,11:34:00,0.05,0.2
625,2023-05-23,Long,417.38,416.68,12:11:00,13:20:00,-0.17,-0.7
626,2023-05-23,Long,415.71,414.61,13:35:00,14:55:00,-0.26,-1.1
627,2023-05-24,Long,411.54,411.21,09:49:00,11:29:00,-0.08,-0.33
628,2023-05-24,Long,410.94,410.16,11:41:00,12:36:00,-0.19,-0.78
629,2023-05-24,Long,410.3399,410.69,14:30:00,14:48:00,0.09,0.35
630,2023-05-24,Long,410.3601,412.265,14:57:00,15:33:00,0.46,1.9
631,2023-05-25,Long,413.355,413.3409,09:43:00,10:05:00,-0.0,-0.01
632,2023-05-25,Long,412.98,413.855,10:14:00,10:46:00,0.21,0.88
633,2023-05-25,Long,413.63,413.4401,11:27:00,12:05:00,-0.05,-0.19
634,2023-05-25,Long,414.54,414.84,14:33:00,15:14:00,0.07,0.3
635,2023-05-26,Long,418.96,419.15,11:14:00,11:53:00,0.05,0.19
636,2023-05-26,Long,419.5793,419.69,13:18:00,14:24:00,0.03,0.11
637,2023-05-30,Long,422.3701,421.88,09:31:00,10:20:00,-0.12,-0.49
638,2023-05-30,Long,420.76,420.69,10:34:00,11:43:00,-0.02,-0.07
639,2023-05-30,Long,419.59,420.4,12:40:00,13:02:00,0.19,0.81
640,2023-05-30,Long,420.0299,420.67,13:08:00,14:45:00,0.15,0.64
641,2023-05-31,Long,418.02,416.92,09:59:00,10:52:00,-0.26,-1.1
642,2023-05-31,Long,416.56,416.685,11:36:00,11:44:00,0.03,0.12
643,2023-05-31,Long,417.905,418.28,14:51:00,15:35:00,0.09,0.38
644,2023-06-01,Long,417.66,418.208,09:38:00,10:17:00,0.13,0.55
645,2023-06-01,Long,421.59,421.77,12:46:00,13:52:00,0.04,0.18
646,2023-06-02,Long,424.71,425.4512,10:02:00,10:16:00,0.17,0.74
647,2023-06-02,Long,427.315,427.27,11:41:00,12:07:00,-0.01,-0.05
648,2023-06-02,Long,427.831,428.0739,13:45:00,14:34:00,0.06,0.24
649,2023-06-05,Long,428.18,428.635,09:57:00,10:56:00,0.11,0.45
650,2023-06-05,Long,428.65,429.04,11:23:00,11:52:00,0.09,0.39
651,2023-06-05,Long,428.78,429.16,12:05:00,12:21:00,0.09,0.38
652,2023-06-05,Long,429.07,427.29,13:16:00,15:01:00,-0.41,-1.78
653,2023-06-05,Long,426.7,427.24,15:10:00,15:25:00,0.13,0.54
654,2023-06-06,Long,426.48,426.65,09:40:00,09:50:00,0.04,0.17
655,2023-06-06,Long,427.45,427.79,11:26:00,11:41:00,0.08,0.34
656,2023-06-06,Long,427.81,427.4801,12:14:00,13:19:00,-0.08,-0.33
657,2023-06-06,Long,426.91,427.0916,13:25:00,13:40:00,0.04,0.18
658,2023-06-06,Long,426.71,427.09,13:55:00,14:15:00,0.09,0.38
659,2023-06-07,Long,428.5699,427.985,10:15:00,11:35:00,-0.14,-0.58
660,2023-06-07,Long,427.49,427.21,11:44:00,12:12:00,-0.07,-0.28
661,2023-06-07,Long,426.85,427.25,12:25:00,12:37:00,0.09,0.4
662,2023-06-07,Long,426.86,426.7605,13:00:00,13:57:00,-0.02,-0.1
663,2023-06-07,Long,426.6616,427.055,14:35:00,15:06:00,0.09,0.39
664,2023-06-08,Long,426.155,426.97,09:47:00,10:06:00,0.19,0.82
665,2023-06-08,Long,428.37,428.295,12:48:00,14:05:00,-0.02,-0.07
666,2023-06-09,Long,431.3599,431.47,10:45:00,11:13:00,0.03,0.11
667,2023-06-09,Long,429.97,429.92,11:35:00,11:46:00,-0.01,-0.05
668,2023-06-09,Long,429.4499,429.6899,11:58:00,12:16:00,0.06,0.24
669,2023-06-09,Long,429.25,429.49,12:27:00,12:55:00,0.06,0.24
670,2023-06-09,Long,430.12,430.33,14:40:00,15:05:00,0.05,0.21
671,2023-06-12,Long,430.82,430.82,09:32:00,10:00:00,0.0,0.0
672,2023-06-12,Long,430.62,431.04,10:12:00,11:46:00,0.1,0.42
673,2023-06-13,Long,435.47,436.61,09:31:00,09:44:00,0.26,1.14
674,2023-06-13,Long,436.2601,436.55,11:39:00,11:54:00,0.07,0.29
675,2023-06-13,Long,436.28,436.055,14:11:00,14:58:00,-0.05,-0.22
676,2023-06-14,Long,436.91,437.3301,09:32:00,09:47:00,0.1,0.42
677,2023-06-14,Long,437.84,438.605,10:55:00,11:28:00,0.17,0.77
678,2023-06-14,Long,438.615,438.1299,11:39:00,12:25:00,-0.11,-0.49
679,2023-06-14,Long,438.08,438.075,12:31:00,12:59:00,-0.0,-0.0
680,2023-06-14,Long,437.755,436.18,13:06:00,14:46:00,-0.36,-1.57
681,2023-06-15,Long,440.415,440.86,13:11:00,13:37:00,0.1,0.44
682,2023-06-15,Long,441.4201,443.39,14:14:00,15:01:00,0.45,1.97
683,2023-06-16,Long,441.45,441.44,09:43:00,10:01:00,-0.0,-0.01
684,2023-06-16,Long,441.34,441.53,10:49:00,10:59:00,0.04,0.19
685,2023-06-16,Long,440.97,441.08,11:23:00,12:07:00,0.02,0.11
686,2023-06-20,Long,437.77,435.95,09:31:00,10:46:00,-0.42,-1.82
687,2023-06-20,Long,437.835,437.885,13:38:00,14:25:00,0.01,0.05
688,2023-06-20,Long,437.52,437.7055,14:46:00,15:53:00,0.04,0.19
689,2023-06-21,Long,435.63,435.51,09:39:00,10:16:00,-0.03,-0.12
690,2023-06-21,Long,434.65,435.215,10:50:00,11:30:00,0.13,0.56
691,2023-06-21,Long,435.37,435.64,11:54:00,12:09:00,0.06,0.27
692,2023-06-21,Long,435.5,435.815,12:45:00,14:00:00,0.07,0.31
693,2023-06-21,Long,436.49,435.3505,14:46:00,15:53:00,-0.26,-1.14
694,2023-06-22,Long,434.65,435.02,10:48:00,11:10:00,0.09,0.37
695,2023-06-22,Long,435.17,435.06,12:03:00,13:32:00,-0.03,-0.11
696,2023-06-22,Long,435.82,436.09,15:22:00,15:51:00,0.06,0.27
697,2023-06-23,Long,432.97,433.6,09:31:00,10:04:00,0.15,0.63
698,2023-06-23,Long,433.575,433.715,10:58:00,11:50:00,0.03,0.14
699,2023-06-23,Long,434.4984,433.33,14:02:00,15:17:00,-0.27,-1.17
700,2023-06-26,Long,433.44,433.315,10:33:00,10:58:00,-0.03,-0.12
701,2023-06-26,Long,432.83,432.81,11:08:00,11:39:00,-0.0,-0.02
702,2023-06-26,Long,432.3503,432.38,12:15:00,12:25:00,0.01,0.03
703,2023-06-26,Long,431.87,432.265,12:42:00,13:02:00,0.09,0.39
704,2023-06-26,Long,432.2979,432.715,14:00:00,14:45:00,0.1,0.42
705,2023-06-27,Long,432.855,433.3199,11:12:00,11:26:00,0.11,0.46
706,2023-06-27,Long,434.95,435.77,13:06:00,13:34:00,0.19,0.82
707,2023-06-27,Long,436.23,436.6699,14:42:00,15:30:00,0.1,0.44
708,2023-06-28,Long,434.8,435.54,09:32:00,10:21:00,0.17,0.74
709,2023-06-28,Long,436.3699,435.43,12:34:00,13:32:00,-0.22,-0.94
710,2023-06-28,Long,435.37,435.7,13:44:00,14:07:00,0.08,0.33
711,2023-06-28,Long,435.525,435.6499,14:58:00,15:25:00,0.03,0.12
712,2023-06-28,Long,435.2722,435.51,15:35:00,15:54:00,0.05,0.24
713,2023-06-29,Long,436.36,437.34,10:48:00,11:22:00,0.22,0.98
714,2023-06-29,Long,437.68,437.67,12:58:00,13:23:00,-0.0,-0.01
715,2023-06-29,Long,436.66,436.98,14:11:00,14:17:00,0.07,0.32
716,2023-06-29,Long,437.54,437.775,15:46:00,15:52:00,0.05,0.23
717,2023-06-30,Long,442.29,442.955,10:49:00,11:12:00,0.15,0.66
718,2023-06-30,Long,442.5,442.5299,11:30:00,12:02:00,0.01,0.03
719,2023-07-03,Long,442.785,443.35,09:30:00,09:46:00,0.13,0.56
720,2023-07-03,Long,443.8,443.92,13:40:00,14:31:00,0.03,0.12
721,2023-07-05,Long,443.2986,443.18,12:03:00,12:58:00,-0.03,-0.12
722,2023-07-05,Long,443.1692,443.305,13:37:00,13:53:00,0.03,0.14
723,2023-07-05,Long,442.8681,443.35,14:16:00,14:55:00,0.11,0.48
724,2023-07-06,Long,439.02,437.74,09:39:00,11:37:00,-0.29,-1.28
725,2023-07-06,Long,439.13,439.52,13:31:00,13:50:00,0.09,0.39
726,2023-07-06,Long,439.39,439.85,14:21:00,14:52:00,0.1,0.46
727,2023-07-07,Long,439.64,439.6317,10:17:00,10:49:00,-0.0,-0.01
728,2023-07-10,Long,438.955,438.976,10:38:00,11:39:00,0.0,0.02
729,2023-07-10,Long,438.54,438.32,11:51:00,12:35:00,-0.05,-0.22
730,2023-07-10,Long,438.86,439.25,14:46:00,14:56:00,0.09,0.39
731,2023-07-11,Long,440.555,440.555,09:30:00,09:40:00,0.0,0.0
732,2023-07-11,Long,440.22,440.22,09:51:00,10:24:00,0.0,0.0
733,2023-07-11,Long,441.37,441.105,12:18:00,12:55:00,-0.06,-0.26
734,2023-07-11,Long,440.9,440.905,13:13:00,13:39:00,0.0,0.0
735,2023-07-11,Long,440.755,440.87,14:14:00,14:41:00,0.03,0.12
736,2023-07-12,Long,447.05,445.81,10:55:00,12:42:00,-0.28,-1.24
737,2023-07-12,Long,446.2101,446.14,14:53:00,15:46:00,-0.02,-0.07
738,2023-07-13,Long,447.94,448.25,10:25:00,10:44:00,0.07,0.31
739,2023-07-13,Long,448.09,448.255,11:15:00,11:50:00,0.04,0.17
740,2023-07-13,Long,448.215,448.7,13:09:00,13:28:00,0.11,0.49
741,2023-07-13,Long,448.905,449.19,14:31:00,14:47:00,0.06,0.29
742,2023-07-14,Long,450.38,450.28,10:33:00,11:01:00,-0.02,-0.1
743,2023-07-14,Long,450.21,450.05,11:50:00,12:45:00,-0.04,-0.16
744,2023-07-14,Long,449.645,449.96,12:47:00,13:40:00,0.07,0.31
745,2023-07-14,Long,449.785,449.4,14:23:00,15:21:00,-0.09,-0.39
746,2023-07-17,Long,450.44,450.34,12:22:00,12:48:00,-0.02,-0.1
747,2023-07-17,Long,450.72,450.9413,14:38:00,14:57:00,0.05,0.22
748,2023-07-18,Long,454.045,454.445,15:01:00,15:20:00,0.09,0.4
749,2023-07-19,Long,455.77,455.6301,10:38:00,11:13:00,-0.03,-0.14
750,2023-07-19,Long,455.6408,455.18,12:22:00,13:23:00,-0.1,-0.46
751,2023-07-19,Long,455.01,455.28,13:35:00,14:46:00,0.06,0.27
752,2023-07-20,Long,454.64,453.6501,10:01:00,10:58:00,-0.22,-0.99
753,2023-07-20,Long,453.53,454.0,11:22:00,11:46:00,0.1,0.47
754,2023-07-20,Long,453.61,453.76,12:39:00,12:52:00,0.03,0.15
755,2023-07-20,Long,453.64,453.58,13:05:00,13:37:00,-0.01,-0.06
756,2023-07-20,Long,453.335,452.415,14:01:00,14:43:00,-0.2,-0.92
757,2023-07-20,Long,451.84,452.085,15:29:00,15:44:00,0.05,0.25
758,2023-07-21,Long,453.91,453.19,09:34:00,10:22:00,-0.16,-0.72
759,2023-07-21,Long,452.83,452.95,10:31:00,10:44:00,0.03,0.12
760,2023-07-21,Long,453.53,453.6101,11:45:00,13:19:00,0.02,0.08
761,2023-07-21,Long,453.34,453.6001,14:16:00,14:50:00,0.06,0.26
762,2023-07-24,Long,453.43,453.2,09:51:00,10:09:00,-0.05,-0.23
763,2023-07-24,Long,454.21,454.39,11:34:00,11:56:00,0.04,0.18
764,2023-07-24,Long,454.32,454.63,12:46:00,13:49:00,0.07,0.31
765,2023-07-24,Long,454.38,454.29,14:33:00,14:59:00,-0.02,-0.09
766,2023-07-24,Long,454.12,453.9695,15:12:00,15:49:00,-0.03,-0.15
767,2023-07-25,Long,454.65,454.74,10:40:00,11:10:00,0.02,0.09
768,2023-07-25,Long,455.37,455.56,11:57:00,12:19:00,0.04,0.19
769,2023-07-25,Long,455.38,455.47,12:32:00,12:40:00,0.02,0.09
770,2023-07-26,Long,454.46,454.64,10:46:00,11:47:00,0.04,0.18
771,2023-07-26,Long,454.26,454.46,12:49:00,13:11:00,0.04,0.2
772,2023-07-26,Long,454.245,454.51,13:23:00,14:02:00,0.06,0.26
773,2023-07-26,Long,454.42,456.2,14:26:00,14:46:00,0.39,1.78
774,2023-07-26,Long,454.445,455.09,15:19:00,15:45:00,0.14,0.64
775,2023-07-27,Long,458.81,458.24,09:30:00,10:48:00,-0.12,-0.57
776,2023-07-27,Long,457.76,457.615,11:01:00,11:24:00,-0.03,-0.14
777,2023-07-27,Long,457.565,457.89,11:51:00,12:17:00,0.07,0.32
778,2023-07-27,Long,457.69,453.5899,13:07:00,15:16:00,-0.9,-4.1
779,2023-07-28,Long,457.0725,457.46,12:09:00,12:31:00,0.08,0.39
780,2023-07-28,Long,457.31,456.454,12:40:00,14:12:00,-0.19,-0.86
781,2023-07-28,Long,456.54,457.04,14:41:00,14:57:00,0.11,0.5
782,2023-07-31,Long,457.77,457.33,09:31:00,10:18:00,-0.1,-0.44
783,2023-07-31,Long,457.28,457.2326,11:28:00,11:48:00,-0.01,-0.05
784,2023-07-31,Long,456.84,457.17,11:52:00,12:25:00,0.07,0.33
785,2023-07-31,Long,457.0192,456.89,12:37:00,13:34:00,-0.03,-0.13
786,2023-08-01,Long,455.86,456.06,10:26:00,10:34:00,0.04,0.2
787,2023-08-01,Long,456.089,456.19,11:07:00,12:00:00,0.02,0.1
788,2023-08-01,Long,455.79,456.075,12:28:00,12:48:00,0.06,0.28
789,2023-08-01,Long,456.11,456.43,13:39:00,13:58:00,0.07,0.32
790,2023-08-01,Long,456.675,456.535,15:27:00,15:55:00,-0.03,-0.14
791,2023-08-02,Long,453.03,451.07,09:38:00,11:13:00,-0.43,-1.96
792,2023-08-02,Long,450.69,450.345,11:53:00,12:22:00,-0.08,-0.34
793,2023-08-02,Long,450.86,450.3201,13:49:00,15:47:00,-0.12,-0.54
794,2023-08-03,Long,448.315,448.68,09:34:00,09:58:00,0.08,0.37
795,2023-08-03,Long,448.25,448.13,10:15:00,10:45:00,-0.03,-0.12
796,2023-08-03,Long,450.2401,449.895,13:35:00,14:25:00,-0.08,-0.35
797,2023-08-03,Long,449.57,449.39,14:37:00,15:33:00,-0.04,-0.18
798,2023-08-04,Long,450.37,449.95,09:56:00,10:21:00,-0.09,-0.42
799,2023-08-04,Long,451.46,451.755,11:41:00,11:57:00,0.07,0.3
800,2023-08-04,Long,451.7,451.77,12:10:00,12:21:00,0.02,0.07
801,2023-08-07,Long,448.714,449.44,09:44:00,10:21:00,0.16,0.73
802,2023-08-07,Long,448.99,448.99,10:56:00,11:48:00,0.0,0.0
803,2023-08-07,Long,449.18,449.5,12:43:00,12:55:00,0.07,0.32
804,2023-08-07,Long,449.93,449.9236,14:17:00,14:42:00,-0.0,-0.01
805,2023-08-07,Long,450.01,450.1094,15:16:00,15:43:00,0.02,0.1
806,2023-08-08,Long,446.44,445.98,09:56:00,10:30:00,-0.1,-0.46
807,2023-08-08,Long,446.39,446.8501,12:46:00,13:02:00,0.1,0.46
808,2023-08-08,Long,446.865,447.75,13:36:00,14:21:00,0.2,0.88
809,2023-08-09,Long,448.885,445.85,09:32:00,12:10:00,-0.68,-3.03
810,2023-08-09,Long,448.22,448.0401,14:53:00,15:26:00,-0.04,-0.18
811,2023-08-10,Long,449.34,448.68,10:51:00,11:41:00,-0.15,-0.66
812,2023-08-10,Long,447.59,447.42,11:56:00,12:43:00,-0.04,-0.17
813,2023-08-10,Long,446.78,446.415,13:04:00,14:19:00,-0.08,-0.36
814,2023-08-11,Long,443.83,444.65,09:32:00,10:10:00,0.18,0.82
815,2023-08-11,Long,445.94,445.24,10:36:00,12:01:00,-0.16,-0.7
816,2023-08-11,Long,445.23,444.89,12:29:00,13:22:00,-0.08,-0.34
817,2023-08-11,Long,444.52,445.18,13:55:00,14:03:00,0.15,0.66
818,2023-08-11,Long,445.47,445.87,15:11:00,15:29:00,0.09,0.4
819,2023-08-14,Long,446.785,447.44,11:10:00,11:53:00,0.15,0.65
820,2023-08-14,Long,446.9201,447.13,12:18:00,12:52:00,0.05,0.21
821,2023-08-14,Long,446.675,446.9619,14:19:00,15:25:00,0.06,0.29
822,2023-08-14,Long,446.995,447.27,15:34:00,15:47:00,0.06,0.27
823,2023-08-15,Long,445.37,444.28,09:49:00,10:49:00,-0.24,-1.09
824,2023-08-15,Long,444.395,444.49,12:09:00,13:15:00,0.02,0.1
825,2023-08-15,Long,444.175,444.4,13:35:00,14:48:00,0.05,0.22
826,2023-08-15,Long,444.26,442.885,14:58:00,15:54:00,-0.31,-1.38
827,2023-08-16,Long,443.36,443.89,10:04:00,11:06:00,0.12,0.53
828,2023-08-16,Long,443.56,442.28,11:19:00,12:45:00,-0.29,-1.28
829,2023-08-16,Long,442.02,442.32,12:51:00,13:56:00,0.07,0.3
830,2023-08-16,Long,441.5305,442.645,14:02:00,14:23:00,0.25,1.11
831,2023-08-17,Long,440.49,440.135,09:46:00,10:58:00,-0.08,-0.36
832,2023-08-17,Long,439.77,440.1107,11:09:00,12:25:00,0.08,0.34
833,2023-08-17,Long,439.9376,440.36,12:46:00,12:54:00,0.1,0.42
834,2023-08-17,Long,439.58,436.9113,13:22:00,15:30:00,-0.61,-2.67
835,2023-08-18,Long,434.28,434.92,10:02:00,10:49:00,0.15,0.64
836,2023-08-18,Long,435.55,436.505,11:31:00,12:06:00,0.22,0.95
837,2023-08-18,Long,435.9701,436.16,12:19:00,12:45:00,0.04,0.19
838,2023-08-18,Long,435.835,435.75,13:01:00,13:56:00,-0.02,-0.08
839,2023-08-18,Long,436.288,436.14,14:55:00,15:29:00,-0.03,-0.15
840,2023-08-21,Long,437.87,438.4912,09:53:00,10:00:00,0.14,0.62
841,2023-08-21,Long,437.735,436.74,10:16:00,12:35:00,-0.23,-1.0
842,2023-08-21,Long,438.16,438.57,13:59:00,14:13:00,0.09,0.41
843,2023-08-21,Long,438.26,438.7,14:26:00,14:41:00,0.1,0.44
844,2023-08-22,Long,440.84,439.7,09:33:00,10:58:00,-0.26,-1.14
845,2023-08-22,Long,439.32,438.5401,11:10:00,12:29:00,-0.18,-0.78
846,2023-08-22,Long,438.32,438.06,13:01:00,13:30:00,-0.06,-0.26
847,2023-08-22,Long,438.26,439.14,14:49:00,15:16:00,0.2,0.88
848,2023-08-22,Long,438.695,438.11,15:24:00,15:59:00,-0.13,-0.58
849,2023-08-23,Long,441.9599,442.3,11:44:00,11:59:00,0.08,0.34
850,2023-08-23,Long,442.18,442.5,12:11:00,12:49:00,0.07,0.32
851,2023-08-23,Long,442.3,443.38,13:02:00,13:33:00,0.24,1.08
852,2023-08-23,Long,443.04,443.04,14:23:00,15:17:00,0.0,0.0
853,2023-08-24,Long,443.73,444.7,09:45:00,10:02:00,0.22,0.97
854,2023-08-24,Long,442.66,440.155,10:26:00,12:17:00,-0.57,-2.51
855,2023-08-24,Long,439.98,439.065,12:57:00,14:59:00,-0.21,-0.92
856,2023-08-25,Long,437.6,436.11,10:27:00,11:17:00,-0.34,-1.49
857,2023-08-25,Long,438.16,438.4844,12:55:00,13:09:00,0.07,0.32
858,2023-08-28,Long,442.55,441.3107,10:39:00,12:06:00,-0.28,-1.24
859,2023-08-28,Long,442.8399,441.98,13:19:00,15:12:00,-0.19,-0.86
860,2023-08-28,Long,441.659,442.0052,15:24:00,15:39:00,0.08,0.35
861,2023-08-29,Long,445.88,446.49,10:48:00,11:20:00,0.14,0.61
862,2023-08-29,Long,448.01,448.08,12:40:00,13:11:00,0.02,0.07
863,2023-08-29,Long,448.06,448.32,13:56:00,14:10:00,0.06,0.26
864,2023-08-29,Long,448.525,449.015,14:58:00,15:31:00,0.11,0.49
865,2023-08-30,Long,449.68,450.93,10:31:00,11:47:00,0.28,1.25
866,2023-08-30,Long,450.735,450.93,13:58:00,14:49:00,0.04,0.19
867,2023-08-31,Long,452.28,451.7299,10:52:00,11:49:00,-0.12,-0.55
868,2023-08-31,Long,451.3299,451.12,12:29:00,13:08:00,-0.05,-0.21
869,2023-08-31,Long,451.43,451.84,13:47:00,14:10:00,0.09,0.41
870,2023-08-31,Long,450.89,451.295,14:56:00,15:14:00,0.09,0.41
871,2023-09-01,Long,452.13,452.77,09:42:00,10:15:00,0.14,0.64
872,2023-09-01,Long,451.42,450.44,10:52:00,12:22:00,-0.22,-0.98
873,2023-09-01,Long,450.37,450.86,12:46:00,12:53:00,0.11,0.49
874,2023-09-01,Long,450.565,450.65,13:06:00,14:07:00,0.02,0.08
875,2023-09-01,Long,450.5196,450.41,14:19:00,14:53:00,-0.02,-0.11
876,2023-09-05,Long,450.08,450.17,09:45:00,10:54:00,0.02,0.09
877,2023-09-05,Long,450.12,450.1692,11:39:00,14:23:00,0.01,0.05
878,2023-09-05,Long,449.94,450.1599,15:19:00,15:46:00,0.05,0.22
879,2023-09-06,Long,447.93,445.781,09:41:00,11:30:00,-0.48,-2.15
880,2023-09-06,Long,445.34,444.87,12:10:00,13:25:00,-0.11,-0.47
881,2023-09-06,Long,445.6292,446.07,15:09:00,15:25:00,0.1,0.44
882,2023-09-07,Long,443.33,444.11,09:57:00,10:51:00,0.18,0.78
883,2023-09-07,Long,444.2,444.5,10:59:00,11:11:00,0.07,0.3
884,2023-09-07,Long,444.17,444.62,11:59:00,12:20:00,0.1,0.45
885,2023-09-07,Long,444.745,444.885,12:53:00,13:26:00,0.03,0.14
886,2023-09-07,Long,444.81,444.975,14:20:00,14:59:00,0.04,0.17
887,2023-09-08,Long,446.32,446.61,10:42:00,11:16:00,0.06,0.29
888,2023-09-08,Long,446.4,446.435,11:48:00,12:25:00,0.01,0.04
889,2023-09-08,Long,446.155,445.8701,12:39:00,13:24:00,-0.06,-0.28
890,2023-09-08,Long,445.82,446.0897,13:55:00,14:06:00,0.06,0.27
891,2023-09-11,Long,447.39,447.1801,09:52:00,10:31:00,-0.05,-0.21
892,2023-09-11,Long,447.22,447.4301,10:39:00,10:53:00,0.05,0.21
893,2023-09-11,Long,446.6499,447.0801,11:07:00,11:30:00,0.1,0.43
894,2023-09-11,Long,446.85,447.3411,11:46:00,12:11:00,0.11,0.49
895,2023-09-11,Long,448.24,448.62,15:17:00,15:27:00,0.08,0.38
896,2023-09-12,Long,446.9,446.9,10:31:00,11:43:00,0.0,0.0
897,2023-09-12,Long,447.17,447.265,12:31:00,12:52:00,0.02,0.09
898,2023-09-12,Long,447.125,446.01,13:57:00,15:55:00,-0.25,-1.12
899,2023-09-13,Long,445.45,446.8,10:19:00,10:44:00,0.3,1.35
900,2023-09-13,Long,447.14,446.125,14:06:00,15:35:00,-0.23,-1.01
901,2023-09-14,Long,448.51,448.75,09:51:00,10:36:00,0.05,0.24
902,2023-09-14,Long,449.62,449.82,11:27:00,12:04:00,0.04,0.2
903,2023-09-14,Long,450.4,450.48,13:09:00,13:37:00,0.02,0.08
904,2023-09-14,Long,450.321,450.3201,13:53:00,14:39:00,-0.0,-0.0
905,2023-09-15,Long,446.87,445.01,09:39:00,12:11:00,-0.42,-1.86
906,2023-09-15,Long,443.4701,443.92,13:32:00,13:48:00,0.1,0.45
907,2023-09-15,Long,443.695,443.625,14:09:00,14:40:00,-0.02,-0.07
908,2023-09-18,Long,442.97,443.57,09:49:00,10:22:00,0.14,0.6
909,2023-09-18,Long,444.33,444.65,12:10:00,12:29:00,0.07,0.32
910,2023-09-18,Long,444.3888,444.61,13:19:00,13:27:00,0.05,0.22
911,2023-09-18,Long,444.475,443.661,13:48:00,15:09:00,-0.18,-0.81
912,2023-09-18,Long,443.39,443.66,15:22:00,16:00:00,0.06,0.27
913,2023-09-19,Long,441.46,440.92,10:14:00,11:39:00,-0.12,-0.54
914,2023-09-19,Long,440.6401,440.82,11:47:00,13:12:00,0.04,0.18
915,2023-09-19,Long,442.07,442.93,14:16:00,14:42:00,0.19,0.86
916,2023-09-19,Long,442.25,442.49,15:02:00,15:28:00,0.05,0.24
917,2023-09-20,Long,443.77,444.03,09:34:00,09:48:00,0.06,0.26
918,2023-09-20,Long,443.51,443.64,10:16:00,12:00:00,0.03,0.13
919,2023-09-20,Long,443.64,442.37,13:32:00,14:00:00,-0.29,-1.27
920,2023-09-20,Long,442.29,443.42,14:01:00,14:33:00,0.26,1.13
921,2023-09-21,Long,434.985,435.205,09:44:00,10:22:00,0.05,0.22
922,2023-09-21,Long,434.91,434.62,10:35:00,13:22:00,-0.07,-0.29
923,2023-09-21,Long,433.8063,433.41,14:20:00,14:47:00,-0.09,-0.4
924,2023-09-22,Long,432.31,432.645,09:30:00,10:10:00,0.08,0.33
925,2023-09-22,Long,432.4,433.275,10:21:00,10:38:00,0.2,0.88
926,2023-09-22,Long,433.1799,433.8275,11:13:00,11:31:00,0.15,0.65
927,2023-09-22,Long,433.04,433.34,11:56:00,12:21:00,0.07,0.3
928,2023-09-22,Long,433.24,430.93,13:11:00,14:58:00,-0.53,-2.31
929,2023-09-25,Long,429.48,430.98,10:26:00,11:29:00,0.35,1.5
930,2023-09-25,Long,430.97,431.55,11:38:00,11:44:00,0.13,0.58
931,2023-09-25,Long,431.17,431.89,11:57:00,12:29:00,0.17,0.72
932,2023-09-25,Long,431.5,431.5284,12:39:00,13:08:00,0.01,0.03
933,2023-09-25,Long,430.99,431.5,13:33:00,14:02:00,0.12,0.51
934,2023-09-25,Long,431.22,430.9233,14:14:00,15:25:00,-0.07,-0.3
935,2023-09-26,Long,428.84,427.68,09:59:00,10:34:00,-0.27,-1.16
936,2023-09-26,Long,427.5299,427.49,11:16:00,12:14:00,-0.01,-0.04
937,2023-09-26,Long,426.32,425.5701,13:49:00,15:42:00,-0.18,-0.75
938,2023-09-27,Long,426.78,426.6475,09:41:00,10:30:00,-0.03,-0.13
939,2023-09-27,Long,425.34,425.92,10:59:00,11:14:00,0.14,0.58
940,2023-09-27,Long,424.955,424.42,11:55:00,12:31:00,-0.13,-0.53
941,2023-09-27,Long,424.4501,423.1801,13:01:00,13:57:00,-0.3,-1.27
942,2023-09-27,Long,425.28,425.725,15:45:00,15:58:00,0.1,0.45
943,2023-09-28,Long,426.48,427.11,10:17:00,10:57:00,0.15,0.63
944,2023-09-28,Long,428.9211,428.835,12:59:00,14:22:00,-0.02,-0.09
945,2023-09-28,Long,427.9301,428.55,14:36:00,15:08:00,0.14,0.62
946,2023-09-29,Long,430.91,431.14,09:43:00,10:06:00,0.05,0.23
947,2023-09-29,Long,430.96,430.85,10:14:00,11:26:00,-0.03,-0.11
948,2023-09-29,Long,429.2183,429.475,11:47:00,12:09:00,0.06,0.26
949,2023-09-29,Long,428.53,427.42,12:48:00,13:28:00,-0.26,-1.11
950,2023-09-29,Long,426.35,427.155,14:02:00,14:45:00,0.19,0.8
951,2023-09-29,Long,427.675,428.255,15:27:00,15:53:00,0.14,0.58
